,scrape_id,last_scraped,source
0,20250625193454,2025-06-26,city scrape
1,20250625193454,2025-06-27,city scrape
2,20250625193454,2025-06-26,city scrape
3,20250625193454,2025-06-27,city scrape
4,20250625193454,2025-06-26,city scrape
5,20250625193454,2025-06-26,city scrape
6,20250625193454,2025-06-26,city scrape
7,20250625193454,2025-06-30,previous scrape
8,20250625193454,2025-06-27,city scrape
9,20250625193454,2025-06-26,city scrape
10,20250625193454,2025-06-30,city scrape
11,20250625193454,2025-06-26,city scrape
12,20250625193454,2025-06-26,city scrape
13,20250625193454,2025-06-27,city scrape
14,20250625193454,2025-06-26,city scrape
15,20250625193454,2025-06-26,city scrape
16,20250625193454,2025-06-27,city scrape
17,20250625193454,2025-06-26,city scrape
18,20250625193454,2025-06-26,city scrape
19,20250625193454,2025-06-27,city scrape
20,20250625193454,2025-06-26,city scrape
21,20250625193454,2025-06-26,city scrape
22,20250625193454,2025-06-26,city scrape
23,20250625193454,2025-06-26,city scrape
24,20250625193454,2025-06-27,previous scrape
25,20250625193454,2025-06-27,previous scrape
26,20250625193454,2025-06-26,city scrape
27,20250625193454,2025-06-30,city scrape
28,20250625193454,2025-06-26,city scrape
29,20250625193454,2025-06-26,city scrape
30,20250625193454,2025-06-27,previous scrape
31,20250625193454,2025-06-27,previous scrape
32,20250625193454,2025-06-26,city scrape
33,20250625193454,2025-06-27,city scrape
34,20250625193454,2025-06-27,city scrape
35,20250625193454,2025-06-27,city scrape
36,20250625193454,2025-06-26,city scrape
37,20250625193454,2025-06-27,previous scrape
38,20250625193454,2025-06-27,city scrape
39,20250625193454,2025-06-26,city scrape
40,20250625193454,2025-06-26,city scrape
41,20250625193454,2025-06-26,city scrape
42,20250625193454,2025-06-27,previous scrape
43,20250625193454,2025-06-27,previous scrape
44,20250625193454,2025-06-27,previous scrape
45,20250625193454,2025-06-26,city scrape
46,20250625193454,2025-06-27,city scrape
47,20250625193454,2025-06-26,city scrape
48,20250625193454,2025-06-27,city scrape
49,20250625193454,2025-06-26,city scrape
50,20250625193454,2025-06-26,city scrape
51,20250625193454,2025-06-26,city scrape
52,20250625193454,2025-06-27,city scrape
53,20250625193454,2025-06-27,city scrape
54,20250625193454,2025-06-27,city scrape
55,20250625193454,2025-06-26,city scrape
56,20250625193454,2025-06-26,city scrape
57,20250625193454,2025-06-27,previous scrape
58,20250625193454,2025-06-27,previous scrape
59,20250625193454,2025-06-26,city scrape
60,20250625193454,2025-06-26,city scrape
61,20250625193454,2025-06-26,city scrape
62,20250625193454,2025-06-26,city scrape
63,20250625193454,2025-06-27,previous scrape
64,20250625193454,2025-06-26,city scrape
65,20250625193454,2025-06-26,city scrape
66,20250625193454,2025-06-27,previous scrape
67,20250625193454,2025-06-26,city scrape
68,20250625193454,2025-06-26,city scrape
69,20250625193454,2025-06-27,previous scrape
70,20250625193454,2025-06-27,previous scrape
71,20250625193454,2025-06-26,city scrape
72,20250625193454,2025-06-27,previous scrape
73,20250625193454,2025-06-27,previous scrape
74,20250625193454,2025-06-26,city scrape
75,20250625193454,2025-06-27,city scrape
76,20250625193454,2025-06-26,city scrape
77,20250625193454,2025-06-26,city scrape
78,20250625193454,2025-06-26,city scrape
79,20250625193454,2025-06-27,previous scrape
80,20250625193454,2025-06-27,previous scrape
81,20250625193454,2025-06-27,city scrape
82,20250625193454,2025-06-27,previous scrape
83,20250625193454,2025-06-27,city scrape
84,20250625193454,2025-06-27,city scrape
85,20250625193454,2025-06-27,city scrape
86,20250625193454,2025-06-26,city scrape
87,20250625193454,2025-06-26,city scrape
88,20250625193454,2025-06-26,city scrape
89,20250625193454,2025-06-27,city scrape
90,20250625193454,2025-06-27,city scrape
91,20250625193454,2025-06-26,city scrape
92,20250625193454,2025-06-26,city scrape
93,20250625193454,2025-06-26,city scrape
94,20250625193454,2025-06-26,city scrape
95,20250625193454,2025-06-26,city scrape
96,20250625193454,2025-06-26,city scrape
97,20250625193454,2025-06-27,city scrape
98,20250625193454,2025-06-26,city scrape
99,20250625193454,2025-06-27,city scrape
100,20250625193454,2025-06-30,city scrape
101,20250625193454,2025-06-26,city scrape
102,20250625193454,2025-06-26,city scrape
103,20250625193454,2025-06-26,city scrape
104,20250625193454,2025-06-26,city scrape
105,20250625193454,2025-06-27,previous scrape
106,20250625193454,2025-06-26,city scrape
107,20250625193454,2025-06-26,city scrape
108,20250625193454,2025-06-26,city scrape
109,20250625193454,2025-06-26,city scrape
110,20250625193454,2025-06-27,city scrape
111,20250625193454,2025-06-27,previous scrape
112,20250625193454,2025-06-27,previous scrape
113,20250625193454,2025-06-26,city scrape
114,20250625193454,2025-06-26,city scrape
115,20250625193454,2025-06-26,city scrape
116,20250625193454,2025-06-26,city scrape
117,20250625193454,2025-06-27,previous scrape
118,20250625193454,2025-06-27,city scrape
119,20250625193454,2025-06-26,city scrape
120,20250625193454,2025-06-27,city scrape
121,20250625193454,2025-06-27,previous scrape
122,20250625193454,2025-06-27,previous scrape
123,20250625193454,2025-06-26,city scrape
124,20250625193454,2025-06-26,city scrape
125,20250625193454,2025-06-27,city scrape
126,20250625193454,2025-06-26,city scrape
127,20250625193454,2025-06-27,city scrape
128,20250625193454,2025-06-26,city scrape
129,20250625193454,2025-06-27,previous scrape
130,20250625193454,2025-06-27,city scrape
131,20250625193454,2025-06-27,city scrape
132,20250625193454,2025-06-27,city scrape
133,20250625193454,2025-06-27,city scrape
134,20250625193454,2025-06-26,city scrape
135,20250625193454,2025-06-26,city scrape
136,20250625193454,2025-06-27,previous scrape
137,20250625193454,2025-06-27,previous scrape
138,20250625193454,2025-06-27,previous scrape
139,20250625193454,2025-06-27,previous scrape
140,20250625193454,2025-06-27,previous scrape
141,20250625193454,2025-06-27,previous scrape
142,20250625193454,2025-06-27,previous scrape
143,20250625193454,2025-06-27,previous scrape
144,20250625193454,2025-06-27,previous scrape
145,20250625193454,2025-06-27,previous scrape
146,20250625193454,2025-06-27,city scrape
147,20250625193454,2025-06-26,city scrape
148,20250625193454,2025-06-30,city scrape
149,20250625193454,2025-06-27,city scrape
150,20250625193454,2025-06-26,city scrape
151,20250625193454,2025-06-27,city scrape
152,20250625193454,2025-06-27,city scrape
153,20250625193454,2025-06-27,city scrape
154,20250625193454,2025-06-26,city scrape
155,20250625193454,2025-06-26,city scrape
156,20250625193454,2025-06-26,city scrape
157,20250625193454,2025-06-30,city scrape
158,20250625193454,2025-06-26,city scrape
159,20250625193454,2025-06-26,city scrape
160,20250625193454,2025-06-27,previous scrape
161,20250625193454,2025-06-26,city scrape
162,20250625193454,2025-06-27,city scrape
163,20250625193454,2025-06-26,city scrape
164,20250625193454,2025-06-26,city scrape
165,20250625193454,2025-06-26,city scrape
166,20250625193454,2025-06-26,city scrape
167,20250625193454,2025-06-26,city scrape
168,20250625193454,2025-06-27,city scrape
169,20250625193454,2025-06-27,city scrape
170,20250625193454,2025-06-25,city scrape
171,20250625193454,2025-06-27,previous scrape
172,20250625193454,2025-06-27,previous scrape
173,20250625193454,2025-06-27,city scrape
174,20250625193454,2025-06-26,city scrape
175,20250625193454,2025-06-27,previous scrape
176,20250625193454,2025-06-27,city scrape
177,20250625193454,2025-06-27,city scrape
178,20250625193454,2025-06-27,city scrape
179,20250625193454,2025-06-27,previous scrape
180,20250625193454,2025-06-26,city scrape
181,20250625193454,2025-06-30,city scrape
182,20250625193454,2025-06-26,city scrape
183,20250625193454,2025-06-27,previous scrape
184,20250625193454,2025-06-27,previous scrape
185,20250625193454,2025-06-30,city scrape
186,20250625193454,2025-06-27,previous scrape
187,20250625193454,2025-06-26,city scrape
188,20250625193454,2025-06-27,city scrape
189,20250625193454,2025-06-27,previous scrape
190,20250625193454,2025-06-26,city scrape
191,20250625193454,2025-06-27,previous scrape
192,20250625193454,2025-06-27,previous scrape
193,20250625193454,2025-06-30,city scrape
194,20250625193454,2025-06-26,city scrape
195,20250625193454,2025-06-27,city scrape
196,20250625193454,2025-06-26,city scrape
197,20250625193454,2025-06-26,city scrape
198,20250625193454,2025-06-27,city scrape
199,20250625193454,2025-06-27,previous scrape
200,20250625193454,2025-06-27,previous scrape
201,20250625193454,2025-06-27,previous scrape
202,20250625193454,2025-06-27,previous scrape
203,20250625193454,2025-06-27,previous scrape
204,20250625193454,2025-06-27,previous scrape
205,20250625193454,2025-06-27,previous scrape
206,20250625193454,2025-06-27,city scrape
207,20250625193454,2025-06-27,previous scrape
208,20250625193454,2025-06-26,city scrape
209,20250625193454,2025-06-27,city scrape
210,20250625193454,2025-06-26,city scrape
211,20250625193454,2025-06-27,previous scrape
212,20250625193454,2025-06-27,previous scrape
213,20250625193454,2025-06-27,previous scrape
214,20250625193454,2025-06-26,city scrape
215,20250625193454,2025-06-27,city scrape
216,20250625193454,2025-06-27,city scrape
217,20250625193454,2025-06-26,city scrape
218,20250625193454,2025-06-27,previous scrape
219,20250625193454,2025-06-27,previous scrape
220,20250625193454,2025-06-27,previous scrape
221,20250625193454,2025-06-27,city scrape
222,20250625193454,2025-06-27,city scrape
223,20250625193454,2025-06-26,city scrape
224,20250625193454,2025-06-26,city scrape
225,20250625193454,2025-06-26,city scrape
226,20250625193454,2025-06-27,previous scrape
227,20250625193454,2025-06-26,city scrape
228,20250625193454,2025-06-27,previous scrape
229,20250625193454,2025-06-26,city scrape
230,20250625193454,2025-06-26,city scrape
231,20250625193454,2025-06-26,city scrape
232,20250625193454,2025-06-26,city scrape
233,20250625193454,2025-06-26,city scrape
234,20250625193454,2025-06-26,city scrape
235,20250625193454,2025-06-27,city scrape
236,20250625193454,2025-06-27,previous scrape
237,20250625193454,2025-06-26,city scrape
238,20250625193454,2025-06-26,city scrape
239,20250625193454,2025-06-27,city scrape
240,20250625193454,2025-06-26,city scrape
241,20250625193454,2025-06-26,city scrape
242,20250625193454,2025-06-27,city scrape
243,20250625193454,2025-06-26,city scrape
244,20250625193454,2025-06-27,previous scrape
245,20250625193454,2025-06-27,previous scrape
246,20250625193454,2025-06-26,city scrape
247,20250625193454,2025-06-26,city scrape
248,20250625193454,2025-06-26,city scrape
249,20250625193454,2025-06-26,city scrape
250,20250625193454,2025-06-26,city scrape
251,20250625193454,2025-06-27,city scrape
252,20250625193454,2025-06-26,city scrape
253,20250625193454,2025-06-26,city scrape
254,20250625193454,2025-06-26,city scrape
255,20250625193454,2025-06-27,city scrape
256,20250625193454,2025-06-25,city scrape
257,20250625193454,2025-06-26,city scrape
258,20250625193454,2025-06-26,city scrape
259,20250625193454,2025-06-27,previous scrape
260,20250625193454,2025-06-26,city scrape
261,20250625193454,2025-06-26,city scrape
262,20250625193454,2025-06-27,city scrape
263,20250625193454,2025-06-26,city scrape
264,20250625193454,2025-06-27,city scrape
265,20250625193454,2025-06-27,city scrape
266,20250625193454,2025-06-27,previous scrape
267,20250625193454,2025-06-27,previous scrape
268,20250625193454,2025-06-27,city scrape
269,20250625193454,2025-06-26,city scrape
270,20250625193454,2025-06-30,city scrape
271,20250625193454,2025-06-27,previous scrape
272,20250625193454,2025-06-26,city scrape
273,20250625193454,2025-06-26,city scrape
274,20250625193454,2025-06-26,city scrape
275,20250625193454,2025-06-26,city scrape
276,20250625193454,2025-06-26,city scrape
277,20250625193454,2025-06-27,previous scrape
278,20250625193454,2025-06-27,previous scrape
279,20250625193454,2025-06-27,previous scrape
280,20250625193454,2025-06-26,city scrape
281,20250625193454,2025-06-26,city scrape
282,20250625193454,2025-06-26,city scrape
283,20250625193454,2025-06-27,city scrape
284,20250625193454,2025-06-27,city scrape
285,20250625193454,2025-06-26,city scrape
286,20250625193454,2025-06-26,city scrape
287,20250625193454,2025-06-26,city scrape
288,20250625193454,2025-06-26,city scrape
289,20250625193454,2025-06-27,city scrape
290,20250625193454,2025-06-26,city scrape
291,20250625193454,2025-06-27,city scrape
292,20250625193454,2025-06-30,city scrape
293,20250625193454,2025-06-26,city scrape
294,20250625193454,2025-06-26,city scrape
295,20250625193454,2025-06-30,city scrape
296,20250625193454,2025-06-27,city scrape
297,20250625193454,2025-06-26,city scrape
298,20250625193454,2025-06-27,previous scrape
299,20250625193454,2025-06-27,previous scrape
300,20250625193454,2025-06-27,previous scrape
301,20250625193454,2025-06-27,previous scrape
302,20250625193454,2025-06-27,previous scrape
303,20250625193454,2025-06-27,previous scrape
304,20250625193454,2025-06-27,previous scrape
305,20250625193454,2025-06-26,city scrape
306,20250625193454,2025-06-27,previous scrape
307,20250625193454,2025-06-27,city scrape
308,20250625193454,2025-06-27,city scrape
309,20250625193454,2025-06-27,previous scrape
310,20250625193454,2025-06-27,city scrape
311,20250625193454,2025-06-27,previous scrape
312,20250625193454,2025-06-26,city scrape
313,20250625193454,2025-06-26,city scrape
314,20250625193454,2025-06-27,city scrape
315,20250625193454,2025-06-27,previous scrape
316,20250625193454,2025-06-27,previous scrape
317,20250625193454,2025-06-27,previous scrape
318,20250625193454,2025-06-26,city scrape
319,20250625193454,2025-06-26,city scrape
320,20250625193454,2025-06-26,city scrape
321,20250625193454,2025-06-26,city scrape
322,20250625193454,2025-06-26,city scrape
323,20250625193454,2025-06-27,city scrape
324,20250625193454,2025-06-26,city scrape
325,20250625193454,2025-06-26,city scrape
326,20250625193454,2025-06-27,city scrape
327,20250625193454,2025-06-26,city scrape
328,20250625193454,2025-06-27,city scrape
329,20250625193454,2025-06-26,city scrape
330,20250625193454,2025-06-26,city scrape
331,20250625193454,2025-06-26,city scrape
332,20250625193454,2025-06-27,city scrape
333,20250625193454,2025-06-26,city scrape
334,20250625193454,2025-06-27,city scrape
335,20250625193454,2025-06-27,city scrape
336,20250625193454,2025-06-26,city scrape
337,20250625193454,2025-06-26,city scrape
338,20250625193454,2025-06-26,city scrape
339,20250625193454,2025-06-27,previous scrape
340,20250625193454,2025-06-26,city scrape
341,20250625193454,2025-06-26,city scrape
342,20250625193454,2025-06-27,previous scrape
343,20250625193454,2025-06-26,city scrape
344,20250625193454,2025-06-26,city scrape
345,20250625193454,2025-06-27,city scrape
346,20250625193454,2025-06-27,city scrape
347,20250625193454,2025-06-27,previous scrape
348,20250625193454,2025-06-27,previous scrape
349,20250625193454,2025-06-26,city scrape
350,20250625193454,2025-06-26,city scrape
351,20250625193454,2025-06-27,city scrape
352,20250625193454,2025-06-26,city scrape
353,20250625193454,2025-06-26,city scrape
354,20250625193454,2025-06-27,city scrape
355,20250625193454,2025-06-27,city scrape
356,20250625193454,2025-06-27,city scrape
357,20250625193454,2025-06-26,city scrape
358,20250625193454,2025-06-27,previous scrape
359,20250625193454,2025-06-27,previous scrape
360,20250625193454,2025-06-26,city scrape
361,20250625193454,2025-06-26,city scrape
362,20250625193454,2025-06-26,city scrape
363,20250625193454,2025-06-26,city scrape
364,20250625193454,2025-06-27,previous scrape
365,20250625193454,2025-06-27,previous scrape
366,20250625193454,2025-06-26,city scrape
367,20250625193454,2025-06-27,previous scrape
368,20250625193454,2025-06-26,city scrape
369,20250625193454,2025-06-26,city scrape
370,20250625193454,2025-06-26,city scrape
371,20250625193454,2025-06-26,city scrape
372,20250625193454,2025-06-26,city scrape
373,20250625193454,2025-06-26,city scrape
374,20250625193454,2025-06-26,city scrape
375,20250625193454,2025-06-26,city scrape
376,20250625193454,2025-06-26,city scrape
377,20250625193454,2025-06-26,city scrape
378,20250625193454,2025-06-26,city scrape
379,20250625193454,2025-06-26,city scrape
380,20250625193454,2025-06-27,previous scrape
381,20250625193454,2025-06-26,city scrape
382,20250625193454,2025-06-26,city scrape
383,20250625193454,2025-06-26,city scrape
384,20250625193454,2025-06-27,city scrape
385,20250625193454,2025-06-26,city scrape
386,20250625193454,2025-06-26,city scrape
387,20250625193454,2025-06-27,city scrape
388,20250625193454,2025-06-27,city scrape
389,20250625193454,2025-06-27,previous scrape
390,20250625193454,2025-06-26,city scrape
391,20250625193454,2025-06-27,city scrape
392,20250625193454,2025-06-26,city scrape
393,20250625193454,2025-06-26,city scrape
394,20250625193454,2025-06-27,previous scrape
395,20250625193454,2025-06-26,city scrape
396,20250625193454,2025-06-26,city scrape
397,20250625193454,2025-06-26,city scrape
398,20250625193454,2025-06-27,city scrape
399,20250625193454,2025-06-26,city scrape
400,20250625193454,2025-06-26,city scrape
401,20250625193454,2025-06-27,city scrape
402,20250625193454,2025-06-27,previous scrape
403,20250625193454,2025-06-26,city scrape
404,20250625193454,2025-06-27,previous scrape
405,20250625193454,2025-06-27,city scrape
406,20250625193454,2025-06-26,city scrape
407,20250625193454,2025-06-27,city scrape
408,20250625193454,2025-06-26,city scrape
409,20250625193454,2025-06-26,city scrape
410,20250625193454,2025-06-27,city scrape
411,20250625193454,2025-06-26,city scrape
412,20250625193454,2025-06-26,city scrape
413,20250625193454,2025-06-27,previous scrape
414,20250625193454,2025-06-27,city scrape
415,20250625193454,2025-06-26,city scrape
416,20250625193454,2025-06-26,city scrape
417,20250625193454,2025-06-27,previous scrape
418,20250625193454,2025-06-26,city scrape
419,20250625193454,2025-06-26,city scrape
420,20250625193454,2025-06-26,city scrape
421,20250625193454,2025-06-27,city scrape
422,20250625193454,2025-06-26,city scrape
423,20250625193454,2025-06-26,city scrape
424,20250625193454,2025-06-26,city scrape
425,20250625193454,2025-06-27,city scrape
426,20250625193454,2025-06-26,city scrape
427,20250625193454,2025-06-26,city scrape
428,20250625193454,2025-06-26,city scrape
429,20250625193454,2025-06-26,city scrape
430,20250625193454,2025-06-26,city scrape
431,20250625193454,2025-06-26,city scrape
432,20250625193454,2025-06-27,city scrape
433,20250625193454,2025-06-26,city scrape
434,20250625193454,2025-06-27,city scrape
435,20250625193454,2025-06-26,city scrape
436,20250625193454,2025-06-26,city scrape
437,20250625193454,2025-06-26,city scrape
438,20250625193454,2025-06-26,city scrape
439,20250625193454,2025-06-26,city scrape
440,20250625193454,2025-06-27,previous scrape
441,20250625193454,2025-06-27,city scrape
442,20250625193454,2025-06-26,city scrape
443,20250625193454,2025-06-27,previous scrape
444,20250625193454,2025-06-26,city scrape
445,20250625193454,2025-06-26,city scrape
446,20250625193454,2025-06-26,city scrape
447,20250625193454,2025-06-27,city scrape
448,20250625193454,2025-06-27,city scrape
449,20250625193454,2025-06-27,city scrape
450,20250625193454,2025-06-26,city scrape
451,20250625193454,2025-06-27,city scrape
452,20250625193454,2025-06-27,previous scrape
453,20250625193454,2025-06-27,previous scrape
454,20250625193454,2025-06-27,previous scrape
455,20250625193454,2025-06-27,previous scrape
456,20250625193454,2025-06-30,city scrape
457,20250625193454,2025-06-26,city scrape
458,20250625193454,2025-06-26,city scrape
459,20250625193454,2025-06-27,city scrape
460,20250625193454,2025-06-26,city scrape
461,20250625193454,2025-06-26,city scrape
462,20250625193454,2025-06-27,city scrape
463,20250625193454,2025-06-27,city scrape
464,20250625193454,2025-06-27,city scrape
465,20250625193454,2025-06-26,city scrape
466,20250625193454,2025-06-26,city scrape
467,20250625193454,2025-06-27,city scrape
468,20250625193454,2025-06-27,city scrape
469,20250625193454,2025-06-26,city scrape
470,20250625193454,2025-06-26,city scrape
471,20250625193454,2025-06-26,city scrape
472,20250625193454,2025-06-26,city scrape
473,20250625193454,2025-06-26,city scrape
474,20250625193454,2025-06-26,city scrape
475,20250625193454,2025-06-26,city scrape
476,20250625193454,2025-06-26,city scrape
477,20250625193454,2025-06-26,city scrape
478,20250625193454,2025-06-26,city scrape
479,20250625193454,2025-06-26,city scrape
480,20250625193454,2025-06-26,city scrape
481,20250625193454,2025-06-26,city scrape
482,20250625193454,2025-06-26,city scrape
483,20250625193454,2025-06-26,city scrape
484,20250625193454,2025-06-26,city scrape
485,20250625193454,2025-06-26,city scrape
486,20250625193454,2025-06-27,previous scrape
487,20250625193454,2025-06-26,city scrape
488,20250625193454,2025-06-26,city scrape
489,20250625193454,2025-06-26,city scrape
490,20250625193454,2025-06-27,city scrape
491,20250625193454,2025-06-26,city scrape
492,20250625193454,2025-06-25,city scrape
493,20250625193454,2025-06-27,city scrape
494,20250625193454,2025-06-27,city scrape
495,20250625193454,2025-06-26,city scrape
496,20250625193454,2025-06-26,city scrape
497,20250625193454,2025-06-26,city scrape
498,20250625193454,2025-06-26,city scrape
499,20250625193454,2025-06-26,city scrape
500,20250625193454,2025-06-26,city scrape
501,20250625193454,2025-06-26,city scrape
502,20250625193454,2025-06-27,city scrape
503,20250625193454,2025-06-26,city scrape
504,20250625193454,2025-06-26,city scrape
505,20250625193454,2025-06-26,city scrape
506,20250625193454,2025-06-27,city scrape
507,20250625193454,2025-06-27,city scrape
508,20250625193454,2025-06-27,city scrape
509,20250625193454,2025-06-27,city scrape
510,20250625193454,2025-06-26,city scrape
511,20250625193454,2025-06-26,city scrape
512,20250625193454,2025-06-26,city scrape
513,20250625193454,2025-06-27,city scrape
514,20250625193454,2025-06-27,previous scrape
515,20250625193454,2025-06-26,city scrape
516,20250625193454,2025-06-27,city scrape
517,20250625193454,2025-06-26,city scrape
518,20250625193454,2025-06-26,city scrape
519,20250625193454,2025-06-26,city scrape
520,20250625193454,2025-06-27,previous scrape
521,20250625193454,2025-06-26,city scrape
522,20250625193454,2025-06-26,city scrape
523,20250625193454,2025-06-26,city scrape
524,20250625193454,2025-06-27,previous scrape
525,20250625193454,2025-06-27,previous scrape
526,20250625193454,2025-06-26,city scrape
527,20250625193454,2025-06-26,city scrape
528,20250625193454,2025-06-26,city scrape
529,20250625193454,2025-06-26,city scrape
530,20250625193454,2025-06-27,previous scrape
531,20250625193454,2025-06-26,city scrape
532,20250625193454,2025-06-26,city scrape
533,20250625193454,2025-06-27,city scrape
534,20250625193454,2025-06-26,city scrape
535,20250625193454,2025-06-26,city scrape
536,20250625193454,2025-06-27,city scrape
537,20250625193454,2025-06-27,city scrape
538,20250625193454,2025-06-26,city scrape
539,20250625193454,2025-06-26,city scrape
540,20250625193454,2025-06-26,city scrape
541,20250625193454,2025-06-26,city scrape
542,20250625193454,2025-06-27,city scrape
543,20250625193454,2025-06-26,city scrape
544,20250625193454,2025-06-26,city scrape
545,20250625193454,2025-06-27,city scrape
546,20250625193454,2025-06-26,city scrape
547,20250625193454,2025-06-27,previous scrape
548,20250625193454,2025-06-26,city scrape
549,20250625193454,2025-06-26,city scrape
550,20250625193454,2025-06-26,city scrape
551,20250625193454,2025-06-26,city scrape
552,20250625193454,2025-06-26,city scrape
553,20250625193454,2025-06-26,city scrape
554,20250625193454,2025-06-26,city scrape
555,20250625193454,2025-06-27,city scrape
556,20250625193454,2025-06-27,city scrape
557,20250625193454,2025-06-26,city scrape
558,20250625193454,2025-06-26,city scrape
559,20250625193454,2025-06-26,city scrape
560,20250625193454,2025-06-26,city scrape
561,20250625193454,2025-06-26,city scrape
562,20250625193454,2025-06-26,city scrape
563,20250625193454,2025-06-26,city scrape
564,20250625193454,2025-06-26,city scrape
565,20250625193454,2025-06-27,city scrape
566,20250625193454,2025-06-26,city scrape
567,20250625193454,2025-06-26,city scrape
568,20250625193454,2025-06-27,city scrape
569,20250625193454,2025-06-27,city scrape
570,20250625193454,2025-06-26,city scrape
571,20250625193454,2025-06-26,city scrape
572,20250625193454,2025-06-26,city scrape
573,20250625193454,2025-06-27,previous scrape
574,20250625193454,2025-06-27,previous scrape
575,20250625193454,2025-06-26,city scrape
576,20250625193454,2025-06-26,city scrape
577,20250625193454,2025-06-27,city scrape
578,20250625193454,2025-06-26,city scrape
579,20250625193454,2025-06-26,city scrape
580,20250625193454,2025-06-27,city scrape
581,20250625193454,2025-06-26,city scrape
582,20250625193454,2025-06-26,city scrape
583,20250625193454,2025-06-27,city scrape
584,20250625193454,2025-06-26,city scrape
585,20250625193454,2025-06-26,city scrape
586,20250625193454,2025-06-26,city scrape
587,20250625193454,2025-06-27,previous scrape
588,20250625193454,2025-06-27,previous scrape
589,20250625193454,2025-06-27,previous scrape
590,20250625193454,2025-06-26,city scrape
591,20250625193454,2025-06-27,city scrape
592,20250625193454,2025-06-27,city scrape
593,20250625193454,2025-06-27,city scrape
594,20250625193454,2025-06-27,previous scrape
595,20250625193454,2025-06-27,city scrape
596,20250625193454,2025-06-27,city scrape
597,20250625193454,2025-06-27,previous scrape
598,20250625193454,2025-06-27,city scrape
599,20250625193454,2025-06-26,city scrape
600,20250625193454,2025-06-27,previous scrape
601,20250625193454,2025-06-27,city scrape
602,20250625193454,2025-06-26,city scrape
603,20250625193454,2025-06-27,city scrape
604,20250625193454,2025-06-27,city scrape
605,20250625193454,2025-06-26,city scrape
606,20250625193454,2025-06-27,city scrape
607,20250625193454,2025-06-27,city scrape
608,20250625193454,2025-06-27,city scrape
609,20250625193454,2025-06-27,city scrape
610,20250625193454,2025-06-27,city scrape
611,20250625193454,2025-06-26,city scrape
612,20250625193454,2025-06-27,city scrape
613,20250625193454,2025-06-27,city scrape
614,20250625193454,2025-06-27,city scrape
615,20250625193454,2025-06-26,city scrape
616,20250625193454,2025-06-27,previous scrape
617,20250625193454,2025-06-27,city scrape
618,20250625193454,2025-06-27,city scrape
619,20250625193454,2025-06-27,previous scrape
620,20250625193454,2025-06-26,city scrape
621,20250625193454,2025-06-27,city scrape
622,20250625193454,2025-06-26,city scrape
623,20250625193454,2025-06-26,city scrape
624,20250625193454,2025-06-27,city scrape
625,20250625193454,2025-06-27,city scrape
626,20250625193454,2025-06-27,previous scrape
627,20250625193454,2025-06-27,city scrape
628,20250625193454,2025-06-27,previous scrape
629,20250625193454,2025-06-26,city scrape
630,20250625193454,2025-06-26,city scrape
631,20250625193454,2025-06-26,city scrape
632,20250625193454,2025-06-30,city scrape
633,20250625193454,2025-06-26,city scrape
634,20250625193454,2025-06-26,city scrape
635,20250625193454,2025-06-27,city scrape
636,20250625193454,2025-06-26,city scrape
637,20250625193454,2025-06-27,city scrape
638,20250625193454,2025-06-26,city scrape
639,20250625193454,2025-06-26,city scrape
640,20250625193454,2025-06-26,city scrape
641,20250625193454,2025-06-26,city scrape
642,20250625193454,2025-06-30,city scrape
643,20250625193454,2025-06-27,city scrape
644,20250625193454,2025-06-26,city scrape
645,20250625193454,2025-06-27,previous scrape
646,20250625193454,2025-06-27,previous scrape
647,20250625193454,2025-06-26,city scrape
648,20250625193454,2025-06-26,city scrape
649,20250625193454,2025-06-27,city scrape
650,20250625193454,2025-06-26,city scrape
651,20250625193454,2025-06-27,previous scrape
652,20250625193454,2025-06-27,city scrape
653,20250625193454,2025-06-27,city scrape
654,20250625193454,2025-06-27,previous scrape
655,20250625193454,2025-06-27,city scrape
656,20250625193454,2025-06-26,city scrape
657,20250625193454,2025-06-26,city scrape
658,20250625193454,2025-06-27,city scrape
659,20250625193454,2025-06-26,city scrape
660,20250625193454,2025-06-27,city scrape
661,20250625193454,2025-06-26,city scrape
662,20250625193454,2025-06-26,city scrape
663,20250625193454,2025-06-27,previous scrape
664,20250625193454,2025-06-26,city scrape
665,20250625193454,2025-06-27,previous scrape
666,20250625193454,2025-06-26,city scrape
667,20250625193454,2025-06-26,city scrape
668,20250625193454,2025-06-26,city scrape
669,20250625193454,2025-06-26,city scrape
670,20250625193454,2025-06-26,city scrape
671,20250625193454,2025-06-26,city scrape
672,20250625193454,2025-06-27,city scrape
673,20250625193454,2025-06-26,city scrape
674,20250625193454,2025-06-27,city scrape
675,20250625193454,2025-06-27,city scrape
676,20250625193454,2025-06-26,city scrape
677,20250625193454,2025-06-26,city scrape
678,20250625193454,2025-06-27,previous scrape
679,20250625193454,2025-06-27,city scrape
680,20250625193454,2025-06-27,previous scrape
681,20250625193454,2025-06-26,city scrape
682,20250625193454,2025-06-26,city scrape
683,20250625193454,2025-06-26,city scrape
684,20250625193454,2025-06-26,city scrape
685,20250625193454,2025-06-26,city scrape
686,20250625193454,2025-06-27,city scrape
687,20250625193454,2025-06-26,city scrape
688,20250625193454,2025-06-26,city scrape
689,20250625193454,2025-06-27,city scrape
690,20250625193454,2025-06-26,city scrape
691,20250625193454,2025-06-27,city scrape
692,20250625193454,2025-06-27,previous scrape
693,20250625193454,2025-06-26,city scrape
694,20250625193454,2025-06-27,city scrape
695,20250625193454,2025-06-27,city scrape
696,20250625193454,2025-06-26,city scrape
697,20250625193454,2025-06-26,city scrape
698,20250625193454,2025-06-26,city scrape
699,20250625193454,2025-06-27,city scrape
700,20250625193454,2025-06-27,city scrape
701,20250625193454,2025-06-26,city scrape
702,20250625193454,2025-06-26,city scrape
703,20250625193454,2025-06-26,city scrape
704,20250625193454,2025-06-26,city scrape
705,20250625193454,2025-06-26,city scrape
706,20250625193454,2025-06-27,previous scrape
707,20250625193454,2025-06-27,previous scrape
708,20250625193454,2025-06-26,city scrape
709,20250625193454,2025-06-27,city scrape
710,20250625193454,2025-06-26,city scrape
711,20250625193454,2025-06-26,city scrape
712,20250625193454,2025-06-27,city scrape
713,20250625193454,2025-06-26,city scrape
714,20250625193454,2025-06-26,city scrape
715,20250625193454,2025-06-26,city scrape
716,20250625193454,2025-06-26,city scrape
717,20250625193454,2025-06-27,city scrape
718,20250625193454,2025-06-26,city scrape
719,20250625193454,2025-06-27,city scrape
720,20250625193454,2025-06-27,city scrape
721,20250625193454,2025-06-26,city scrape
722,20250625193454,2025-06-27,city scrape
723,20250625193454,2025-06-26,city scrape
724,20250625193454,2025-06-27,city scrape
725,20250625193454,2025-06-27,city scrape
726,20250625193454,2025-06-27,city scrape
727,20250625193454,2025-06-26,city scrape
728,20250625193454,2025-06-26,city scrape
729,20250625193454,2025-06-27,city scrape
730,20250625193454,2025-06-26,city scrape
731,20250625193454,2025-06-27,previous scrape
732,20250625193454,2025-06-27,city scrape
733,20250625193454,2025-06-26,city scrape
734,20250625193454,2025-06-26,city scrape
735,20250625193454,2025-06-26,city scrape
736,20250625193454,2025-06-26,city scrape
737,20250625193454,2025-06-26,city scrape
738,20250625193454,2025-06-27,city scrape
739,20250625193454,2025-06-26,city scrape
740,20250625193454,2025-06-26,city scrape
741,20250625193454,2025-06-27,city scrape
742,20250625193454,2025-06-26,city scrape
743,20250625193454,2025-06-27,previous scrape
744,20250625193454,2025-06-27,previous scrape
745,20250625193454,2025-06-27,previous scrape
746,20250625193454,2025-06-26,city scrape
747,20250625193454,2025-06-26,city scrape
748,20250625193454,2025-06-26,city scrape
749,20250625193454,2025-06-27,previous scrape
750,20250625193454,2025-06-30,previous scrape
751,20250625193454,2025-06-26,city scrape
752,20250625193454,2025-06-27,city scrape
753,20250625193454,2025-06-27,previous scrape
754,20250625193454,2025-06-27,city scrape
755,20250625193454,2025-06-26,city scrape
756,20250625193454,2025-06-26,city scrape
757,20250625193454,2025-06-25,city scrape
758,20250625193454,2025-06-26,city scrape
759,20250625193454,2025-06-27,city scrape
760,20250625193454,2025-06-26,city scrape
761,20250625193454,2025-06-27,city scrape
762,20250625193454,2025-06-27,city scrape
763,20250625193454,2025-06-26,city scrape
764,20250625193454,2025-06-26,city scrape
765,20250625193454,2025-06-27,city scrape
766,20250625193454,2025-06-27,city scrape
767,20250625193454,2025-06-26,city scrape
768,20250625193454,2025-06-27,city scrape
769,20250625193454,2025-06-27,previous scrape
770,20250625193454,2025-06-26,city scrape
771,20250625193454,2025-06-26,city scrape
772,20250625193454,2025-06-26,city scrape
773,20250625193454,2025-06-26,city scrape
774,20250625193454,2025-06-27,city scrape
775,20250625193454,2025-06-26,city scrape
776,20250625193454,2025-06-26,city scrape
777,20250625193454,2025-06-27,city scrape
778,20250625193454,2025-06-26,city scrape
779,20250625193454,2025-06-27,previous scrape
780,20250625193454,2025-06-26,city scrape
781,20250625193454,2025-06-26,city scrape
782,20250625193454,2025-06-27,previous scrape
783,20250625193454,2025-06-27,city scrape
784,20250625193454,2025-06-27,previous scrape
785,20250625193454,2025-06-27,city scrape
786,20250625193454,2025-06-26,city scrape
787,20250625193454,2025-06-26,city scrape
788,20250625193454,2025-06-27,previous scrape
789,20250625193454,2025-06-27,previous scrape
790,20250625193454,2025-06-27,city scrape
791,20250625193454,2025-06-26,city scrape
792,20250625193454,2025-06-26,city scrape
793,20250625193454,2025-06-26,city scrape
794,20250625193454,2025-06-26,city scrape
795,20250625193454,2025-06-26,city scrape
796,20250625193454,2025-06-27,city scrape
797,20250625193454,2025-06-26,city scrape
798,20250625193454,2025-06-27,city scrape
799,20250625193454,2025-06-27,city scrape
800,20250625193454,2025-06-26,city scrape
801,20250625193454,2025-06-27,city scrape
802,20250625193454,2025-06-26,city scrape
803,20250625193454,2025-06-26,city scrape
804,20250625193454,2025-06-26,city scrape
805,20250625193454,2025-06-26,city scrape
806,20250625193454,2025-06-27,previous scrape
807,20250625193454,2025-06-26,city scrape
808,20250625193454,2025-06-27,previous scrape
809,20250625193454,2025-06-26,city scrape
810,20250625193454,2025-06-27,previous scrape
811,20250625193454,2025-06-26,city scrape
812,20250625193454,2025-06-26,city scrape
813,20250625193454,2025-06-26,city scrape
814,20250625193454,2025-06-26,city scrape
815,20250625193454,2025-06-26,city scrape
816,20250625193454,2025-06-27,city scrape
817,20250625193454,2025-06-27,previous scrape
818,20250625193454,2025-06-26,city scrape
819,20250625193454,2025-06-26,city scrape
820,20250625193454,2025-06-26,city scrape
821,20250625193454,2025-06-26,city scrape
822,20250625193454,2025-06-27,city scrape
823,20250625193454,2025-06-27,previous scrape
824,20250625193454,2025-06-26,city scrape
825,20250625193454,2025-06-27,previous scrape
826,20250625193454,2025-06-26,city scrape
827,20250625193454,2025-06-26,city scrape
828,20250625193454,2025-06-26,city scrape
829,20250625193454,2025-06-26,city scrape
830,20250625193454,2025-06-26,city scrape
831,20250625193454,2025-06-26,city scrape
832,20250625193454,2025-06-26,city scrape
833,20250625193454,2025-06-26,city scrape
834,20250625193454,2025-06-26,city scrape
835,20250625193454,2025-06-26,city scrape
836,20250625193454,2025-06-26,city scrape
837,20250625193454,2025-06-26,city scrape
838,20250625193454,2025-06-26,city scrape
839,20250625193454,2025-06-26,city scrape
840,20250625193454,2025-06-27,previous scrape
841,20250625193454,2025-06-27,previous scrape
842,20250625193454,2025-06-26,city scrape
843,20250625193454,2025-06-26,city scrape
844,20250625193454,2025-06-27,previous scrape
845,20250625193454,2025-06-26,city scrape
846,20250625193454,2025-06-27,city scrape
847,20250625193454,2025-06-26,city scrape
848,20250625193454,2025-06-26,city scrape
849,20250625193454,2025-06-26,city scrape
850,20250625193454,2025-06-26,city scrape
851,20250625193454,2025-06-26,city scrape
852,20250625193454,2025-06-26,city scrape
853,20250625193454,2025-06-27,city scrape
854,20250625193454,2025-06-26,city scrape
855,20250625193454,2025-06-26,city scrape
856,20250625193454,2025-06-27,city scrape
857,20250625193454,2025-06-26,city scrape
858,20250625193454,2025-06-26,city scrape
859,20250625193454,2025-06-26,city scrape
860,20250625193454,2025-06-26,city scrape
861,20250625193454,2025-06-27,city scrape
862,20250625193454,2025-06-27,city scrape
863,20250625193454,2025-06-26,city scrape
864,20250625193454,2025-06-26,city scrape
865,20250625193454,2025-06-26,city scrape
866,20250625193454,2025-06-27,city scrape
867,20250625193454,2025-06-26,city scrape
868,20250625193454,2025-06-26,city scrape
869,20250625193454,2025-06-27,city scrape
870,20250625193454,2025-06-26,city scrape
871,20250625193454,2025-06-26,city scrape
872,20250625193454,2025-06-26,city scrape
873,20250625193454,2025-06-26,city scrape
874,20250625193454,2025-06-27,previous scrape
875,20250625193454,2025-06-26,city scrape
876,20250625193454,2025-06-26,city scrape
877,20250625193454,2025-06-26,city scrape
878,20250625193454,2025-06-27,city scrape
879,20250625193454,2025-06-27,city scrape
880,20250625193454,2025-06-25,city scrape
881,20250625193454,2025-06-26,city scrape
882,20250625193454,2025-06-26,city scrape
883,20250625193454,2025-06-26,city scrape
884,20250625193454,2025-06-26,city scrape
885,20250625193454,2025-06-26,city scrape
886,20250625193454,2025-06-26,city scrape
887,20250625193454,2025-06-26,city scrape
888,20250625193454,2025-06-27,previous scrape
889,20250625193454,2025-06-27,city scrape
890,20250625193454,2025-06-27,previous scrape
891,20250625193454,2025-06-26,city scrape
892,20250625193454,2025-06-27,previous scrape
893,20250625193454,2025-06-26,city scrape
894,20250625193454,2025-06-27,city scrape
895,20250625193454,2025-06-27,city scrape
896,20250625193454,2025-06-27,city scrape
897,20250625193454,2025-06-27,city scrape
898,20250625193454,2025-06-27,city scrape
899,20250625193454,2025-06-26,city scrape
900,20250625193454,2025-06-26,city scrape
901,20250625193454,2025-06-26,city scrape
902,20250625193454,2025-06-26,city scrape
903,20250625193454,2025-06-27,city scrape
904,20250625193454,2025-06-26,city scrape
905,20250625193454,2025-06-26,city scrape
906,20250625193454,2025-06-26,city scrape
907,20250625193454,2025-06-26,city scrape
908,20250625193454,2025-06-26,city scrape
909,20250625193454,2025-06-26,city scrape
910,20250625193454,2025-06-27,city scrape
911,20250625193454,2025-06-27,city scrape
912,20250625193454,2025-06-26,city scrape
913,20250625193454,2025-06-26,city scrape
914,20250625193454,2025-06-27,city scrape
915,20250625193454,2025-06-25,city scrape
916,20250625193454,2025-06-26,city scrape
917,20250625193454,2025-06-27,city scrape
918,20250625193454,2025-06-26,city scrape
919,20250625193454,2025-06-26,city scrape
920,20250625193454,2025-06-26,city scrape
921,20250625193454,2025-06-26,city scrape
922,20250625193454,2025-06-26,city scrape
923,20250625193454,2025-06-26,city scrape
924,20250625193454,2025-06-27,city scrape
925,20250625193454,2025-06-26,city scrape
926,20250625193454,2025-06-27,city scrape
927,20250625193454,2025-06-26,city scrape
928,20250625193454,2025-06-27,city scrape
929,20250625193454,2025-06-27,city scrape
930,20250625193454,2025-06-26,city scrape
931,20250625193454,2025-06-26,city scrape
932,20250625193454,2025-06-27,city scrape
933,20250625193454,2025-06-27,city scrape
934,20250625193454,2025-06-26,city scrape
935,20250625193454,2025-06-26,city scrape
936,20250625193454,2025-06-26,city scrape
937,20250625193454,2025-06-26,city scrape
938,20250625193454,2025-06-27,previous scrape
939,20250625193454,2025-06-26,city scrape
940,20250625193454,2025-06-27,previous scrape
941,20250625193454,2025-06-27,city scrape
942,20250625193454,2025-06-26,city scrape
943,20250625193454,2025-06-27,city scrape
944,20250625193454,2025-06-27,city scrape
945,20250625193454,2025-06-26,city scrape
946,20250625193454,2025-06-26,city scrape
947,20250625193454,2025-06-27,previous scrape
948,20250625193454,2025-06-27,previous scrape
949,20250625193454,2025-06-27,previous scrape
950,20250625193454,2025-06-26,city scrape
951,20250625193454,2025-06-26,city scrape
952,20250625193454,2025-06-26,city scrape
953,20250625193454,2025-06-26,city scrape
954,20250625193454,2025-06-26,city scrape
955,20250625193454,2025-06-26,city scrape
956,20250625193454,2025-06-26,city scrape
957,20250625193454,2025-06-26,city scrape
958,20250625193454,2025-06-27,city scrape
959,20250625193454,2025-06-26,city scrape
960,20250625193454,2025-06-26,city scrape
961,20250625193454,2025-06-26,city scrape
962,20250625193454,2025-06-26,city scrape
963,20250625193454,2025-06-26,city scrape
964,20250625193454,2025-06-26,city scrape
965,20250625193454,2025-06-26,city scrape
966,20250625193454,2025-06-26,city scrape
967,20250625193454,2025-06-26,city scrape
968,20250625193454,2025-06-26,city scrape
969,20250625193454,2025-06-27,city scrape
970,20250625193454,2025-06-27,previous scrape
971,20250625193454,2025-06-27,previous scrape
972,20250625193454,2025-06-26,city scrape
973,20250625193454,2025-06-27,previous scrape
974,20250625193454,2025-06-27,previous scrape
975,20250625193454,2025-06-26,city scrape
976,20250625193454,2025-06-27,previous scrape
977,20250625193454,2025-06-27,previous scrape
978,20250625193454,2025-06-27,previous scrape
979,20250625193454,2025-06-27,previous scrape
980,20250625193454,2025-06-26,city scrape
981,20250625193454,2025-06-27,previous scrape
982,20250625193454,2025-06-27,previous scrape
983,20250625193454,2025-06-27,previous scrape
984,20250625193454,2025-06-26,city scrape
985,20250625193454,2025-06-25,city scrape
986,20250625193454,2025-06-26,city scrape
987,20250625193454,2025-06-26,city scrape
988,20250625193454,2025-06-26,city scrape
989,20250625193454,2025-06-27,city scrape
990,20250625193454,2025-06-27,previous scrape
991,20250625193454,2025-06-27,previous scrape
992,20250625193454,2025-06-27,previous scrape
993,20250625193454,2025-06-26,city scrape
994,20250625193454,2025-06-27,city scrape
995,20250625193454,2025-06-26,city scrape
996,20250625193454,2025-06-27,previous scrape
997,20250625193454,2025-06-27,previous scrape
998,20250625193454,2025-06-27,city scrape
999,20250625193454,2025-06-27,city scrape
1000,20250625193454,2025-06-26,city scrape
1001,20250625193454,2025-06-27,city scrape
1002,20250625193454,2025-06-26,city scrape
1003,20250625193454,2025-06-27,previous scrape
1004,20250625193454,2025-06-26,city scrape
1005,20250625193454,2025-06-27,city scrape
1006,20250625193454,2025-06-26,city scrape
1007,20250625193454,2025-06-25,city scrape
1008,20250625193454,2025-06-27,previous scrape
1009,20250625193454,2025-06-27,previous scrape
1010,20250625193454,2025-06-26,city scrape
1011,20250625193454,2025-06-26,city scrape
1012,20250625193454,2025-06-26,city scrape
1013,20250625193454,2025-06-26,city scrape
1014,20250625193454,2025-06-27,city scrape
1015,20250625193454,2025-06-26,city scrape
1016,20250625193454,2025-06-26,city scrape
1017,20250625193454,2025-06-26,city scrape
1018,20250625193454,2025-06-26,city scrape
1019,20250625193454,2025-06-26,city scrape
1020,20250625193454,2025-06-26,city scrape
1021,20250625193454,2025-06-27,city scrape
1022,20250625193454,2025-06-27,previous scrape
1023,20250625193454,2025-06-26,city scrape
1024,20250625193454,2025-06-26,city scrape
1025,20250625193454,2025-06-26,city scrape
1026,20250625193454,2025-06-27,previous scrape
1027,20250625193454,2025-06-27,previous scrape
1028,20250625193454,2025-06-26,city scrape
1029,20250625193454,2025-06-27,previous scrape
1030,20250625193454,2025-06-27,city scrape
1031,20250625193454,2025-06-26,city scrape
1032,20250625193454,2025-06-26,city scrape
1033,20250625193454,2025-06-26,city scrape
1034,20250625193454,2025-06-26,city scrape
1035,20250625193454,2025-06-26,city scrape
1036,20250625193454,2025-06-25,city scrape
1037,20250625193454,2025-06-27,previous scrape
1038,20250625193454,2025-06-26,city scrape
1039,20250625193454,2025-06-27,city scrape
1040,20250625193454,2025-06-26,city scrape
1041,20250625193454,2025-06-26,city scrape
1042,20250625193454,2025-06-26,city scrape
1043,20250625193454,2025-06-26,city scrape
1044,20250625193454,2025-06-27,city scrape
1045,20250625193454,2025-06-27,city scrape
1046,20250625193454,2025-06-26,city scrape
1047,20250625193454,2025-06-27,city scrape
1048,20250625193454,2025-06-26,city scrape
1049,20250625193454,2025-06-26,city scrape
1050,20250625193454,2025-06-26,city scrape
1051,20250625193454,2025-06-26,city scrape
1052,20250625193454,2025-06-26,city scrape
1053,20250625193454,2025-06-26,city scrape
1054,20250625193454,2025-06-26,city scrape
1055,20250625193454,2025-06-26,city scrape
1056,20250625193454,2025-06-26,city scrape
1057,20250625193454,2025-06-27,city scrape
1058,20250625193454,2025-06-26,city scrape
1059,20250625193454,2025-06-26,city scrape
1060,20250625193454,2025-06-27,previous scrape
1061,20250625193454,2025-06-27,city scrape
1062,20250625193454,2025-06-26,city scrape
1063,20250625193454,2025-06-27,city scrape
1064,20250625193454,2025-06-26,city scrape
1065,20250625193454,2025-06-26,city scrape
1066,20250625193454,2025-06-26,city scrape
1067,20250625193454,2025-06-26,city scrape
1068,20250625193454,2025-06-26,city scrape
1069,20250625193454,2025-06-26,city scrape
1070,20250625193454,2025-06-27,city scrape
1071,20250625193454,2025-06-26,city scrape
1072,20250625193454,2025-06-27,city scrape
1073,20250625193454,2025-06-26,city scrape
1074,20250625193454,2025-06-27,city scrape
1075,20250625193454,2025-06-26,city scrape
1076,20250625193454,2025-06-27,previous scrape
1077,20250625193454,2025-06-27,previous scrape
1078,20250625193454,2025-06-27,previous scrape
1079,20250625193454,2025-06-27,previous scrape
1080,20250625193454,2025-06-26,city scrape
1081,20250625193454,2025-06-26,city scrape
1082,20250625193454,2025-06-26,city scrape
1083,20250625193454,2025-06-26,city scrape
1084,20250625193454,2025-06-26,city scrape
1085,20250625193454,2025-06-26,city scrape
1086,20250625193454,2025-06-27,previous scrape
1087,20250625193454,2025-06-27,previous scrape
1088,20250625193454,2025-06-27,city scrape
1089,20250625193454,2025-06-26,city scrape
1090,20250625193454,2025-06-26,city scrape
1091,20250625193454,2025-06-27,city scrape
1092,20250625193454,2025-06-27,previous scrape
1093,20250625193454,2025-06-26,city scrape
1094,20250625193454,2025-06-26,city scrape
1095,20250625193454,2025-06-27,city scrape
1096,20250625193454,2025-06-26,city scrape
1097,20250625193454,2025-06-26,city scrape
1098,20250625193454,2025-06-30,city scrape
1099,20250625193454,2025-06-26,city scrape
1100,20250625193454,2025-06-27,previous scrape
1101,20250625193454,2025-06-26,city scrape
1102,20250625193454,2025-06-27,previous scrape
1103,20250625193454,2025-06-26,city scrape
1104,20250625193454,2025-06-27,city scrape
1105,20250625193454,2025-06-26,city scrape
1106,20250625193454,2025-06-27,city scrape
1107,20250625193454,2025-06-26,city scrape
1108,20250625193454,2025-06-27,city scrape
1109,20250625193454,2025-06-27,previous scrape
1110,20250625193454,2025-06-26,city scrape
1111,20250625193454,2025-06-26,city scrape
1112,20250625193454,2025-06-26,city scrape
1113,20250625193454,2025-06-26,city scrape
1114,20250625193454,2025-06-26,city scrape
1115,20250625193454,2025-06-26,city scrape
1116,20250625193454,2025-06-26,city scrape
1117,20250625193454,2025-06-27,previous scrape
1118,20250625193454,2025-06-27,previous scrape
1119,20250625193454,2025-06-27,previous scrape
1120,20250625193454,2025-06-26,city scrape
1121,20250625193454,2025-06-26,city scrape
1122,20250625193454,2025-06-26,city scrape
1123,20250625193454,2025-06-27,city scrape
1124,20250625193454,2025-06-26,city scrape
1125,20250625193454,2025-06-27,previous scrape
1126,20250625193454,2025-06-27,previous scrape
1127,20250625193454,2025-06-26,city scrape
1128,20250625193454,2025-06-27,city scrape
1129,20250625193454,2025-06-25,city scrape
1130,20250625193454,2025-06-27,previous scrape
1131,20250625193454,2025-06-26,city scrape
1132,20250625193454,2025-06-26,city scrape
1133,20250625193454,2025-06-26,city scrape
1134,20250625193454,2025-06-26,city scrape
1135,20250625193454,2025-06-26,city scrape
1136,20250625193454,2025-06-26,city scrape
1137,20250625193454,2025-06-27,city scrape
1138,20250625193454,2025-06-27,previous scrape
1139,20250625193454,2025-06-27,city scrape
1140,20250625193454,2025-06-26,city scrape
1141,20250625193454,2025-06-27,city scrape
1142,20250625193454,2025-06-27,city scrape
1143,20250625193454,2025-06-26,city scrape
1144,20250625193454,2025-06-26,city scrape
1145,20250625193454,2025-06-26,city scrape
1146,20250625193454,2025-06-26,city scrape
1147,20250625193454,2025-06-27,city scrape
1148,20250625193454,2025-06-26,city scrape
1149,20250625193454,2025-06-27,city scrape
1150,20250625193454,2025-06-27,previous scrape
1151,20250625193454,2025-06-27,city scrape
1152,20250625193454,2025-06-26,city scrape
1153,20250625193454,2025-06-26,city scrape
1154,20250625193454,2025-06-26,city scrape
1155,20250625193454,2025-06-26,city scrape
1156,20250625193454,2025-06-26,city scrape
1157,20250625193454,2025-06-27,previous scrape
1158,20250625193454,2025-06-26,city scrape
1159,20250625193454,2025-06-26,city scrape
1160,20250625193454,2025-06-27,previous scrape
1161,20250625193454,2025-06-27,previous scrape
1162,20250625193454,2025-06-27,previous scrape
1163,20250625193454,2025-06-27,previous scrape
1164,20250625193454,2025-06-27,city scrape
1165,20250625193454,2025-06-26,city scrape
1166,20250625193454,2025-06-26,city scrape
1167,20250625193454,2025-06-26,city scrape
1168,20250625193454,2025-06-26,city scrape
1169,20250625193454,2025-06-27,city scrape
1170,20250625193454,2025-06-27,city scrape
1171,20250625193454,2025-06-26,city scrape
1172,20250625193454,2025-06-26,city scrape
1173,20250625193454,2025-06-26,city scrape
1174,20250625193454,2025-06-27,city scrape
1175,20250625193454,2025-06-26,city scrape
1176,20250625193454,2025-06-26,city scrape
1177,20250625193454,2025-06-26,city scrape
1178,20250625193454,2025-06-26,city scrape
1179,20250625193454,2025-06-26,city scrape
1180,20250625193454,2025-06-26,city scrape
1181,20250625193454,2025-06-26,city scrape
1182,20250625193454,2025-06-26,city scrape
1183,20250625193454,2025-06-26,city scrape
1184,20250625193454,2025-06-27,city scrape
1185,20250625193454,2025-06-27,city scrape
1186,20250625193454,2025-06-27,previous scrape
1187,20250625193454,2025-06-26,city scrape
1188,20250625193454,2025-06-27,city scrape
1189,20250625193454,2025-06-26,city scrape
1190,20250625193454,2025-06-26,city scrape
1191,20250625193454,2025-06-26,city scrape
1192,20250625193454,2025-06-26,city scrape
1193,20250625193454,2025-06-26,city scrape
1194,20250625193454,2025-06-26,city scrape
1195,20250625193454,2025-06-26,city scrape
1196,20250625193454,2025-06-26,city scrape
1197,20250625193454,2025-06-26,city scrape
1198,20250625193454,2025-06-27,city scrape
1199,20250625193454,2025-06-27,city scrape
1200,20250625193454,2025-06-26,city scrape
1201,20250625193454,2025-06-26,city scrape
1202,20250625193454,2025-06-27,city scrape
1203,20250625193454,2025-06-26,city scrape
1204,20250625193454,2025-06-26,city scrape
1205,20250625193454,2025-06-26,city scrape
1206,20250625193454,2025-06-27,city scrape
1207,20250625193454,2025-06-27,previous scrape
1208,20250625193454,2025-06-26,city scrape
1209,20250625193454,2025-06-26,city scrape
1210,20250625193454,2025-06-26,city scrape
1211,20250625193454,2025-06-26,city scrape
1212,20250625193454,2025-06-26,city scrape
1213,20250625193454,2025-06-26,city scrape
1214,20250625193454,2025-06-27,city scrape
1215,20250625193454,2025-06-26,city scrape
1216,20250625193454,2025-06-26,city scrape
1217,20250625193454,2025-06-26,city scrape
1218,20250625193454,2025-06-26,city scrape
1219,20250625193454,2025-06-26,city scrape
1220,20250625193454,2025-06-26,city scrape
1221,20250625193454,2025-06-27,city scrape
1222,20250625193454,2025-06-27,previous scrape
1223,20250625193454,2025-06-26,city scrape
1224,20250625193454,2025-06-27,previous scrape
1225,20250625193454,2025-06-27,previous scrape
1226,20250625193454,2025-06-27,city scrape
1227,20250625193454,2025-06-27,city scrape
1228,20250625193454,2025-06-26,city scrape
1229,20250625193454,2025-06-26,city scrape
1230,20250625193454,2025-06-26,city scrape
1231,20250625193454,2025-06-26,city scrape
1232,20250625193454,2025-06-27,city scrape
1233,20250625193454,2025-06-30,city scrape
1234,20250625193454,2025-06-26,city scrape
1235,20250625193454,2025-06-26,city scrape
1236,20250625193454,2025-06-26,city scrape
1237,20250625193454,2025-06-27,previous scrape
1238,20250625193454,2025-06-27,previous scrape
1239,20250625193454,2025-06-26,city scrape
1240,20250625193454,2025-06-27,previous scrape
1241,20250625193454,2025-06-27,city scrape
1242,20250625193454,2025-06-25,city scrape
1243,20250625193454,2025-06-26,city scrape
1244,20250625193454,2025-06-27,previous scrape
1245,20250625193454,2025-06-27,previous scrape
1246,20250625193454,2025-06-26,city scrape
1247,20250625193454,2025-06-26,city scrape
1248,20250625193454,2025-06-26,city scrape
1249,20250625193454,2025-06-26,city scrape
1250,20250625193454,2025-06-30,previous scrape
1251,20250625193454,2025-06-26,city scrape
1252,20250625193454,2025-06-26,city scrape
1253,20250625193454,2025-06-26,city scrape
1254,20250625193454,2025-06-27,city scrape
1255,20250625193454,2025-06-26,city scrape
1256,20250625193454,2025-06-26,city scrape
1257,20250625193454,2025-06-27,city scrape
1258,20250625193454,2025-06-26,city scrape
1259,20250625193454,2025-06-26,city scrape
1260,20250625193454,2025-06-26,city scrape
1261,20250625193454,2025-06-26,city scrape
1262,20250625193454,2025-06-27,city scrape
1263,20250625193454,2025-06-27,city scrape
1264,20250625193454,2025-06-26,city scrape
1265,20250625193454,2025-06-26,city scrape
1266,20250625193454,2025-06-26,city scrape
1267,20250625193454,2025-06-26,city scrape
1268,20250625193454,2025-06-27,city scrape
1269,20250625193454,2025-06-26,city scrape
1270,20250625193454,2025-06-26,city scrape
1271,20250625193454,2025-06-26,city scrape
1272,20250625193454,2025-06-26,city scrape
1273,20250625193454,2025-06-26,city scrape
1274,20250625193454,2025-06-26,city scrape
1275,20250625193454,2025-06-26,city scrape
1276,20250625193454,2025-06-26,city scrape
1277,20250625193454,2025-06-26,city scrape
1278,20250625193454,2025-06-26,city scrape
1279,20250625193454,2025-06-26,city scrape
1280,20250625193454,2025-06-26,city scrape
1281,20250625193454,2025-06-26,city scrape
1282,20250625193454,2025-06-27,previous scrape
1283,20250625193454,2025-06-26,city scrape
1284,20250625193454,2025-06-26,city scrape
1285,20250625193454,2025-06-26,city scrape
1286,20250625193454,2025-06-26,city scrape
1287,20250625193454,2025-06-27,city scrape
1288,20250625193454,2025-06-26,city scrape
1289,20250625193454,2025-06-25,city scrape
1290,20250625193454,2025-06-25,city scrape
1291,20250625193454,2025-06-26,city scrape
1292,20250625193454,2025-06-26,city scrape
1293,20250625193454,2025-06-26,city scrape
1294,20250625193454,2025-06-27,city scrape
1295,20250625193454,2025-06-27,city scrape
1296,20250625193454,2025-06-26,city scrape
1297,20250625193454,2025-06-26,city scrape
1298,20250625193454,2025-06-26,city scrape
1299,20250625193454,2025-06-26,city scrape
1300,20250625193454,2025-06-26,city scrape
1301,20250625193454,2025-06-27,previous scrape
1302,20250625193454,2025-06-26,city scrape
1303,20250625193454,2025-06-26,city scrape
1304,20250625193454,2025-06-26,city scrape
1305,20250625193454,2025-06-26,city scrape
1306,20250625193454,2025-06-26,city scrape
1307,20250625193454,2025-06-26,city scrape
1308,20250625193454,2025-06-26,city scrape
1309,20250625193454,2025-06-26,city scrape
1310,20250625193454,2025-06-27,previous scrape
1311,20250625193454,2025-06-27,previous scrape
1312,20250625193454,2025-06-27,previous scrape
1313,20250625193454,2025-06-27,previous scrape
1314,20250625193454,2025-06-27,previous scrape
1315,20250625193454,2025-06-27,previous scrape
1316,20250625193454,2025-06-27,previous scrape
1317,20250625193454,2025-06-26,city scrape
1318,20250625193454,2025-06-26,city scrape
1319,20250625193454,2025-06-27,city scrape
1320,20250625193454,2025-06-26,city scrape
1321,20250625193454,2025-06-26,city scrape
1322,20250625193454,2025-06-26,city scrape
1323,20250625193454,2025-06-27,city scrape
1324,20250625193454,2025-06-26,city scrape
1325,20250625193454,2025-06-27,city scrape
1326,20250625193454,2025-06-26,city scrape
1327,20250625193454,2025-06-27,city scrape
1328,20250625193454,2025-06-27,city scrape
1329,20250625193454,2025-06-27,city scrape
1330,20250625193454,2025-06-26,city scrape
1331,20250625193454,2025-06-26,city scrape
1332,20250625193454,2025-06-26,city scrape
1333,20250625193454,2025-06-26,city scrape
1334,20250625193454,2025-06-26,city scrape
1335,20250625193454,2025-06-26,city scrape
1336,20250625193454,2025-06-26,city scrape
1337,20250625193454,2025-06-26,city scrape
1338,20250625193454,2025-06-26,city scrape
1339,20250625193454,2025-06-27,city scrape
1340,20250625193454,2025-06-26,city scrape
1341,20250625193454,2025-06-26,city scrape
1342,20250625193454,2025-06-27,city scrape
1343,20250625193454,2025-06-26,city scrape
1344,20250625193454,2025-06-26,city scrape
1345,20250625193454,2025-06-26,city scrape
1346,20250625193454,2025-06-26,city scrape
1347,20250625193454,2025-06-26,city scrape
1348,20250625193454,2025-06-26,city scrape
1349,20250625193454,2025-06-26,city scrape
1350,20250625193454,2025-06-26,city scrape
1351,20250625193454,2025-06-27,city scrape
1352,20250625193454,2025-06-26,city scrape
1353,20250625193454,2025-06-26,city scrape
1354,20250625193454,2025-06-26,city scrape
1355,20250625193454,2025-06-26,city scrape
1356,20250625193454,2025-06-26,city scrape
1357,20250625193454,2025-06-27,city scrape
1358,20250625193454,2025-06-26,city scrape
1359,20250625193454,2025-06-27,city scrape
1360,20250625193454,2025-06-27,city scrape
1361,20250625193454,2025-06-26,city scrape
1362,20250625193454,2025-06-26,city scrape
1363,20250625193454,2025-06-26,city scrape
1364,20250625193454,2025-06-27,city scrape
1365,20250625193454,2025-06-26,city scrape
1366,20250625193454,2025-06-27,city scrape
1367,20250625193454,2025-06-26,city scrape
1368,20250625193454,2025-06-26,city scrape
1369,20250625193454,2025-06-26,city scrape
1370,20250625193454,2025-06-26,city scrape
1371,20250625193454,2025-06-26,city scrape
1372,20250625193454,2025-06-26,city scrape
1373,20250625193454,2025-06-26,city scrape
1374,20250625193454,2025-06-26,city scrape
